call_id,call_date,agent_id,agent_name,team,call_type,call_outcome,aht_seconds,csat_score,fcr,attendance
CALL0001,1/13/2024,AG002,Priya Singh,Team A,Outbound,Resolved,215,5,Yes,Absent
CALL0002,10/29/2024,AG002,Priya Singh,Team A,Outbound,Resolved,203,4,Yes,Present
CALL0003,11/28/2024,AG004,Sneha Gupta,Team B,Outbound,Resolved,330,4,Yes,Present
CALL0004,12/23/2024,AG003,Rahul Verma,Team B,Outbound,Resolved,219,4,Yes,Present
CALL0005,2/19/2024,AG007,Arjun Mehta,Team C,Outbound,Callback,254,3,No,Present
CALL0006,10/1/2024,AG008,Neha Patel,Team B,Inbound,Abandoned,68,,No,Present
CALL0007,11/17/2024,AG005,Vikram Yadav,Team A,Outbound,Resolved,360,3,Yes,Present
CALL0008,4/29/2024,AG002,Priya Singh,Team A,Inbound,Resolved,296,5,Yes,Present
CALL0009,12/9/2024,AG004,Sneha Gupta,Team B,Outbound,Escalated,436,3,No,Present
CALL0010,3/24/2024,AG004,Sneha Gupta,Team B,Outbound,Resolved,416,5,Yes,Present
CALL0011,4/27/2024,AG001,Amit Sharma,Team A,Inbound,Callback,202,3,No,Present
CALL0012,6/10/2024,AG010,Divya Nair,Team A,Inbound,Escalated,602,4,No,Present
CALL0013,5/15/2024,AG003,Rahul Verma,Team B,Inbound,Resolved,323,4,Yes,Present
CALL0014,7/23/2024,AG010,Divya Nair,Team A,Outbound,Resolved,215,4,No,Present
CALL0015,3/19/2024,AG002,Priya Singh,Team A,Inbound,Callback,208,4,No,Present
CALL0016,8/27/2024,AG010,Divya Nair,Team A,Outbound,Abandoned,21,,No,Present
CALL0017,12/15/2024,AG002,Priya Singh,Team A,Outbound,Callback,187,2,No,Present
CALL0018,1/2/2024,AG008,Neha Patel,Team B,Outbound,Abandoned,42,,No,Present
CALL0019,11/16/2024,AG002,Priya Singh,Team A,Outbound,Callback,229,4,No,Present
CALL0020,10/3/2024,AG003,Rahul Verma,Team B,Inbound,Resolved,305,3,Yes,Present
CALL0021,5/2/2024,AG005,Vikram Yadav,Team A,Inbound,Resolved,325,5,No,Present
CALL0022,9/29/2024,AG002,Priya Singh,Team A,Inbound,Resolved,301,5,No,Present
CALL0023,8/4/2024,AG010,Divya Nair,Team A,Inbound,Abandoned,45,,No,Present
CALL0024,12/9/2024,AG007,Arjun Mehta,Team C,Outbound,Resolved,312,4,Yes,Present
CALL0025,10/28/2024,AG001,Amit Sharma,Team A,Inbound,Resolved,181,3,Yes,Present
CALL0026,6/18/2024,AG001,Amit Sharma,Team A,Inbound,Resolved,251,5,Yes,Present
CALL0027,10/22/2024,AG010,Divya Nair,Team A,Outbound,Resolved,301,5,No,Present
CALL0028,6/30/2024,AG007,Arjun Mehta,Team C,Outbound,Resolved,401,5,Yes,Late
CALL0029,2/1/2024,AG002,Priya Singh,Team A,Outbound,Escalated,455,1,No,Present
CALL0030,3/12/2024,AG008,Neha Patel,Team B,Outbound,Resolved,298,4,Yes,Present
CALL0031,2/20/2024,AG009,Karan Malhotra,Team C,Inbound,Escalated,676,3,No,Late
CALL0032,3/26/2024,AG004,Sneha Gupta,Team B,Outbound,Resolved,234,5,Yes,Present
CALL0033,7/18/2024,AG001,Amit Sharma,Team A,Outbound,Abandoned,78,,No,Present
CALL0034,12/4/2024,AG009,Karan Malhotra,Team C,Outbound,Resolved,255,4,No,Present
CALL0035,6/9/2024,AG001,Amit Sharma,Team A,Inbound,Resolved,302,4,Yes,Present
CALL0036,2/11/2024,AG009,Karan Malhotra,Team C,Inbound,Resolved,197,5,Yes,Present
CALL0037,5/6/2024,AG010,Divya Nair,Team A,Inbound,Escalated,614,3,No,Present
CALL0038,5/13/2024,AG006,Pooja Jain,Team C,Inbound,Escalated,560,1,No,Present
CALL0039,8/22/2024,AG005,Vikram Yadav,Team A,Outbound,Abandoned,29,,No,Present
CALL0040,10/15/2024,AG010,Divya Nair,Team A,Inbound,Resolved,234,4,No,Present
CALL0041,5/5/2024,AG002,Priya Singh,Team A,Outbound,Resolved,292,5,Yes,Present
CALL0042,1/5/2024,AG009,Karan Malhotra,Team C,Outbound,Abandoned,33,,No,Absent
CALL0043,5/15/2024,AG003,Rahul Verma,Team B,Inbound,Callback,290,4,No,Present
CALL0044,4/17/2024,AG010,Divya Nair,Team A,Outbound,Resolved,342,5,Yes,Present
CALL0045,2/17/2024,AG001,Amit Sharma,Team A,Outbound,Callback,111,2,No,Present
CALL0046,3/23/2024,AG005,Vikram Yadav,Team A,Outbound,Resolved,289,5,No,Late
CALL0047,10/6/2024,AG003,Rahul Verma,Team B,Inbound,Callback,249,4,No,Present
CALL0048,6/6/2024,AG001,Amit Sharma,Team A,Outbound,Callback,110,5,No,Present
CALL0049,12/7/2024,AG004,Sneha Gupta,Team B,Inbound,Resolved,323,5,Yes,Present
CALL0050,5/1/2024,AG003,Rahul Verma,Team B,Inbound,Abandoned,42,,No,Absent
CALL0051,4/1/2024,AG001,Amit Sharma,Team A,Outbound,Callback,205,4,No,Present
CALL0052,5/16/2024,AG004,Sneha Gupta,Team B,Inbound,Callback,127,3,No,Present
CALL0053,4/23/2024,AG008,Neha Patel,Team B,Inbound,Callback,217,3,No,Present
CALL0054,4/24/2024,AG004,Sneha Gupta,Team B,Inbound,Escalated,604,2,No,Present
CALL0055,6/28/2024,AG005,Vikram Yadav,Team A,Outbound,Escalated,674,2,No,Present
CALL0056,4/1/2024,AG005,Vikram Yadav,Team A,Outbound,Resolved,332,4,Yes,Present
CALL0057,9/18/2024,AG010,Divya Nair,Team A,Inbound,Resolved,327,4,No,Present
CALL0058,10/2/2024,AG009,Karan Malhotra,Team C,Inbound,Resolved,197,5,Yes,Present
CALL0059,6/2/2024,AG002,Priya Singh,Team A,Outbound,Escalated,567,2,No,Present
CALL0060,4/8/2024,AG003,Rahul Verma,Team B,Outbound,Escalated,594,3,No,Absent
CALL0061,10/18/2024,AG010,Divya Nair,Team A,Outbound,Resolved,393,3,Yes,Present
CALL0062,11/6/2024,AG010,Divya Nair,Team A,Outbound,Resolved,293,5,Yes,Present
CALL0063,12/3/2024,AG003,Rahul Verma,Team B,Inbound,Resolved,349,5,Yes,Present
CALL0064,12/10/2024,AG004,Sneha Gupta,Team B,Outbound,Resolved,230,3,No,Late
CALL0065,2/7/2024,AG010,Divya Nair,Team A,Outbound,Resolved,341,5,Yes,Present
CALL0066,5/4/2024,AG007,Arjun Mehta,Team C,Inbound,Escalated,402,4,No,Present
CALL0067,8/5/2024,AG002,Priya Singh,Team A,Inbound,Resolved,358,4,No,Present
CALL0068,8/21/2024,AG002,Priya Singh,Team A,Inbound,Callback,270,3,No,Present
CALL0069,8/14/2024,AG006,Pooja Jain,Team C,Outbound,Callback,240,3,No,Present
CALL0070,8/18/2024,AG008,Neha Patel,Team B,Outbound,Callback,263,3,No,Present
CALL0071,11/16/2024,AG008,Neha Patel,Team B,Inbound,Resolved,199,5,Yes,Present
CALL0072,2/11/2024,AG009,Karan Malhotra,Team C,Inbound,Resolved,278,5,Yes,Present
CALL0073,6/18/2024,AG007,Arjun Mehta,Team C,Outbound,Resolved,232,5,Yes,Present
CALL0074,10/21/2024,AG001,Amit Sharma,Team A,Outbound,Resolved,270,4,Yes,Absent
CALL0075,10/2/2024,AG007,Arjun Mehta,Team C,Inbound,Resolved,249,4,No,Present
CALL0076,3/25/2024,AG007,Arjun Mehta,Team C,Outbound,Abandoned,88,,No,Present
CALL0077,10/30/2024,AG007,Arjun Mehta,Team C,Inbound,Resolved,289,3,Yes,Present
CALL0078,6/16/2024,AG007,Arjun Mehta,Team C,Inbound,Resolved,266,5,Yes,Present
CALL0079,5/9/2024,AG007,Arjun Mehta,Team C,Inbound,Resolved,371,4,Yes,Present
CALL0080,11/29/2024,AG002,Priya Singh,Team A,Inbound,Callback,163,2,No,Present
CALL0081,5/2/2024,AG003,Rahul Verma,Team B,Inbound,Resolved,209,5,Yes,Present
CALL0082,3/26/2024,AG006,Pooja Jain,Team C,Inbound,Callback,141,5,No,Present
CALL0083,6/8/2024,AG001,Amit Sharma,Team A,Outbound,Resolved,363,4,Yes,Present
CALL0084,2/22/2024,AG004,Sneha Gupta,Team B,Outbound,Callback,253,4,No,Present
CALL0085,1/22/2024,AG010,Divya Nair,Team A,Outbound,Resolved,349,4,Yes,Present
CALL0086,9/7/2024,AG007,Arjun Mehta,Team C,Inbound,Resolved,272,5,Yes,Present
CALL0087,3/31/2024,AG007,Arjun Mehta,Team C,Outbound,Escalated,675,3,No,Present
CALL0088,5/17/2024,AG010,Divya Nair,Team A,Outbound,Callback,122,3,No,Present
CALL0089,10/18/2024,AG008,Neha Patel,Team B,Outbound,Resolved,306,5,No,Present
CALL0090,6/23/2024,AG005,Vikram Yadav,Team A,Outbound,Callback,279,5,No,Present
CALL0091,4/7/2024,AG009,Karan Malhotra,Team C,Inbound,Resolved,284,4,Yes,Present
CALL0092,8/17/2024,AG008,Neha Patel,Team B,Inbound,Resolved,236,4,Yes,Present
CALL0093,8/30/2024,AG006,Pooja Jain,Team C,Outbound,Resolved,370,5,Yes,Present
CALL0094,5/8/2024,AG005,Vikram Yadav,Team A,Inbound,Resolved,229,4,Yes,Late
CALL0095,4/8/2024,AG003,Rahul Verma,Team B,Inbound,Escalated,541,3,No,Late
CALL0096,11/1/2024,AG009,Karan Malhotra,Team C,Outbound,Abandoned,44,,No,Present
CALL0097,4/1/2024,AG006,Pooja Jain,Team C,Outbound,Resolved,316,3,No,Present
CALL0098,12/23/2024,AG005,Vikram Yadav,Team A,Inbound,Escalated,651,1,No,Present
CALL0099,8/28/2024,AG005,Vikram Yadav,Team A,Outbound,Resolved,227,5,Yes,Present
CALL0100,2/3/2024,AG002,Priya Singh,Team A,Outbound,Resolved,327,5,No,Present
CALL0101,6/4/2024,AG010,Divya Nair,Team A,Inbound,Abandoned,35,,No,Present
CALL0102,11/6/2024,AG007,Arjun Mehta,Team C,Inbound,Callback,197,3,No,Present
CALL0103,8/7/2024,AG010,Divya Nair,Team A,Outbound,Resolved,195,5,Yes,Late
CALL0104,11/16/2024,AG004,Sneha Gupta,Team B,Inbound,Resolved,200,4,No,Present
CALL0105,7/28/2024,AG001,Amit Sharma,Team A,Outbound,Escalated,640,2,No,Present
CALL0106,12/25/2024,AG005,Vikram Yadav,Team A,Outbound,Resolved,239,5,Yes,Present
CALL0107,8/5/2024,AG004,Sneha Gupta,Team B,Inbound,Resolved,345,3,Yes,Present
CALL0108,3/25/2024,AG001,Amit Sharma,Team A,Outbound,Resolved,391,5,Yes,Present
CALL0109,12/24/2024,AG005,Vikram Yadav,Team A,Outbound,Abandoned,84,,No,Present
CALL0110,2/11/2024,AG008,Neha Patel,Team B,Inbound,Callback,288,3,No,Present
CALL0111,4/27/2024,AG002,Priya Singh,Team A,Inbound,Abandoned,54,,No,Present
CALL0112,8/28/2024,AG003,Rahul Verma,Team B,Outbound,Abandoned,43,,No,Late
CALL0113,11/21/2024,AG007,Arjun Mehta,Team C,Outbound,Abandoned,80,,No,Present
CALL0114,6/13/2024,AG006,Pooja Jain,Team C,Inbound,Callback,184,3,No,Present
CALL0115,10/8/2024,AG007,Arjun Mehta,Team C,Inbound,Resolved,260,4,No,Present
CALL0116,1/1/2024,AG009,Karan Malhotra,Team C,Outbound,Resolved,228,4,Yes,Present
CALL0117,1/27/2024,AG008,Neha Patel,Team B,Inbound,Resolved,213,5,Yes,Present
CALL0118,1/15/2024,AG002,Priya Singh,Team A,Inbound,Escalated,559,2,No,Present
CALL0119,4/25/2024,AG002,Priya Singh,Team A,Inbound,Resolved,210,5,No,Absent
CALL0120,9/17/2024,AG005,Vikram Yadav,Team A,Outbound,Resolved,303,5,Yes,Present
CALL0121,4/7/2024,AG007,Arjun Mehta,Team C,Inbound,Callback,170,4,No,Present
CALL0122,9/16/2024,AG006,Pooja Jain,Team C,Outbound,Callback,172,4,No,Present
CALL0123,12/3/2024,AG010,Divya Nair,Team A,Outbound,Callback,214,3,No,Present
CALL0124,10/5/2024,AG009,Karan Malhotra,Team C,Outbound,Resolved,262,5,Yes,Present
CALL0125,4/29/2024,AG007,Arjun Mehta,Team C,Outbound,Resolved,370,4,Yes,Present
CALL0126,9/10/2024,AG003,Rahul Verma,Team B,Inbound,Resolved,331,4,No,Present
CALL0127,9/26/2024,AG002,Priya Singh,Team A,Outbound,Resolved,216,4,Yes,Present
CALL0128,5/15/2024,AG008,Neha Patel,Team B,Outbound,Escalated,603,3,No,Present
CALL0129,7/13/2024,AG009,Karan Malhotra,Team C,Outbound,Escalated,649,4,No,Present
CALL0130,4/30/2024,AG002,Priya Singh,Team A,Outbound,Abandoned,31,,No,Present
CALL0131,11/20/2024,AG002,Priya Singh,Team A,Inbound,Resolved,357,4,No,Present
CALL0132,5/30/2024,AG001,Amit Sharma,Team A,Outbound,Resolved,217,4,Yes,Present
CALL0133,3/28/2024,AG003,Rahul Verma,Team B,Inbound,Resolved,402,4,Yes,Present
CALL0134,3/14/2024,AG010,Divya Nair,Team A,Inbound,Resolved,245,4,Yes,Absent
CALL0135,5/27/2024,AG008,Neha Patel,Team B,Inbound,Resolved,268,5,Yes,Late
CALL0136,8/21/2024,AG005,Vikram Yadav,Team A,Outbound,Resolved,278,5,No,Present
CALL0137,10/21/2024,AG006,Pooja Jain,Team C,Outbound,Abandoned,57,,No,Present
CALL0138,5/20/2024,AG007,Arjun Mehta,Team C,Inbound,Resolved,355,5,Yes,Absent
CALL0139,5/26/2024,AG008,Neha Patel,Team B,Inbound,Escalated,580,1,No,Present
CALL0140,12/13/2024,AG005,Vikram Yadav,Team A,Inbound,Escalated,420,2,No,Present
CALL0141,7/5/2024,AG010,Divya Nair,Team A,Inbound,Resolved,255,4,Yes,Present
CALL0142,7/6/2024,AG009,Karan Malhotra,Team C,Outbound,Callback,165,5,No,Late
CALL0143,6/22/2024,AG005,Vikram Yadav,Team A,Inbound,Resolved,199,3,Yes,Present
CALL0144,10/12/2024,AG007,Arjun Mehta,Team C,Outbound,Resolved,281,3,Yes,Present
CALL0145,10/26/2024,AG005,Vikram Yadav,Team A,Outbound,Callback,195,2,No,Present
CALL0146,11/13/2024,AG001,Amit Sharma,Team A,Outbound,Abandoned,48,,No,Present
CALL0147,12/24/2024,AG008,Neha Patel,Team B,Outbound,Escalated,459,1,No,Late
CALL0148,9/9/2024,AG005,Vikram Yadav,Team A,Inbound,Resolved,407,4,Yes,Present
CALL0149,8/2/2024,AG009,Karan Malhotra,Team C,Inbound,Callback,267,2,No,Present
CALL0150,5/23/2024,AG007,Arjun Mehta,Team C,Inbound,Escalated,511,2,No,Late
CALL0151,2/20/2024,AG006,Pooja Jain,Team C,Outbound,Resolved,345,4,Yes,Present
CALL0152,8/20/2024,AG002,Priya Singh,Team A,Inbound,Escalated,410,1,No,Present
CALL0153,10/16/2024,AG003,Rahul Verma,Team B,Inbound,Resolved,375,5,Yes,Present
CALL0154,6/17/2024,AG004,Sneha Gupta,Team B,Inbound,Callback,252,2,No,Present
CALL0155,3/7/2024,AG003,Rahul Verma,Team B,Outbound,Callback,128,4,No,Present
CALL0156,7/2/2024,AG001,Amit Sharma,Team A,Inbound,Resolved,184,4,No,Present
CALL0157,2/28/2024,AG009,Karan Malhotra,Team C,Inbound,Resolved,379,4,Yes,Present
CALL0158,11/10/2024,AG004,Sneha Gupta,Team B,Inbound,Escalated,666,2,No,Present
CALL0159,2/1/2024,AG001,Amit Sharma,Team A,Outbound,Callback,209,4,No,Present
CALL0160,2/7/2024,AG008,Neha Patel,Team B,Inbound,Resolved,217,3,Yes,Present
CALL0161,12/30/2024,AG009,Karan Malhotra,Team C,Outbound,Resolved,332,4,Yes,Present
CALL0162,12/25/2024,AG002,Priya Singh,Team A,Inbound,Callback,266,5,No,Present
CALL0163,8/8/2024,AG004,Sneha Gupta,Team B,Outbound,Callback,205,3,No,Present
CALL0164,2/18/2024,AG007,Arjun Mehta,Team C,Outbound,Resolved,350,4,Yes,Present
CALL0165,2/4/2024,AG008,Neha Patel,Team B,Inbound,Callback,123,3,No,Present
CALL0166,3/7/2024,AG006,Pooja Jain,Team C,Inbound,Resolved,323,5,Yes,Present
CALL0167,1/27/2024,AG007,Arjun Mehta,Team C,Outbound,Escalated,580,1,No,Present
CALL0168,12/2/2024,AG003,Rahul Verma,Team B,Outbound,Resolved,207,4,Yes,Present
CALL0169,10/20/2024,AG005,Vikram Yadav,Team A,Inbound,Callback,243,5,No,Present
CALL0170,12/11/2024,AG010,Divya Nair,Team A,Inbound,Escalated,536,1,No,Present
CALL0171,6/22/2024,AG005,Vikram Yadav,Team A,Outbound,Resolved,402,3,Yes,Present
CALL0172,2/16/2024,AG001,Amit Sharma,Team A,Inbound,Resolved,296,4,Yes,Present
CALL0173,11/1/2024,AG010,Divya Nair,Team A,Inbound,Callback,139,2,No,Present
CALL0174,5/19/2024,AG002,Priya Singh,Team A,Outbound,Escalated,648,3,No,Present
CALL0175,9/19/2024,AG004,Sneha Gupta,Team B,Inbound,Resolved,208,4,Yes,Present
CALL0176,1/24/2024,AG005,Vikram Yadav,Team A,Inbound,Resolved,333,3,Yes,Late
CALL0177,5/10/2024,AG003,Rahul Verma,Team B,Outbound,Resolved,181,4,Yes,Present
CALL0178,12/26/2024,AG009,Karan Malhotra,Team C,Inbound,Resolved,393,5,Yes,Present
CALL0179,8/11/2024,AG001,Amit Sharma,Team A,Inbound,Resolved,199,5,Yes,Present
CALL0180,5/28/2024,AG007,Arjun Mehta,Team C,Inbound,Resolved,263,4,Yes,Present
CALL0181,2/15/2024,AG006,Pooja Jain,Team C,Outbound,Callback,162,3,No,Present
CALL0182,7/21/2024,AG002,Priya Singh,Team A,Outbound,Escalated,513,2,No,Present
CALL0183,11/20/2024,AG009,Karan Malhotra,Team C,Inbound,Resolved,229,5,Yes,Present
CALL0184,4/30/2024,AG003,Rahul Verma,Team B,Inbound,Resolved,230,4,No,Present
CALL0185,3/31/2024,AG002,Priya Singh,Team A,Outbound,Resolved,324,5,Yes,Absent
CALL0186,11/25/2024,AG010,Divya Nair,Team A,Outbound,Callback,260,3,No,Present
CALL0187,8/14/2024,AG008,Neha Patel,Team B,Outbound,Callback,251,2,No,Present
CALL0188,8/24/2024,AG005,Vikram Yadav,Team A,Outbound,Resolved,274,5,No,Present
CALL0189,11/10/2024,AG002,Priya Singh,Team A,Outbound,Resolved,321,5,Yes,Present
CALL0190,11/29/2024,AG010,Divya Nair,Team A,Inbound,Resolved,301,4,Yes,Present
CALL0191,2/13/2024,AG006,Pooja Jain,Team C,Inbound,Resolved,361,4,Yes,Present
CALL0192,7/5/2024,AG003,Rahul Verma,Team B,Outbound,Abandoned,69,,No,Present
CALL0193,12/13/2024,AG006,Pooja Jain,Team C,Inbound,Callback,265,3,No,Present
CALL0194,12/13/2024,AG009,Karan Malhotra,Team C,Outbound,Resolved,365,5,Yes,Present
CALL0195,6/19/2024,AG003,Rahul Verma,Team B,Inbound,Resolved,216,5,Yes,Present
CALL0196,3/7/2024,AG007,Arjun Mehta,Team C,Inbound,Resolved,276,5,Yes,Present
CALL0197,2/17/2024,AG009,Karan Malhotra,Team C,Outbound,Resolved,184,4,No,Present
CALL0198,4/8/2024,AG008,Neha Patel,Team B,Inbound,Abandoned,39,,No,Present
CALL0199,9/16/2024,AG002,Priya Singh,Team A,Inbound,Escalated,467,2,No,Present
CALL0200,12/20/2024,AG003,Rahul Verma,Team B,Inbound,Escalated,422,2,No,Present
CALL0201,8/15/2024,AG004,Sneha Gupta,Team B,Outbound,Callback,300,3,No,Present
CALL0202,8/28/2024,AG005,Vikram Yadav,Team A,Inbound,Resolved,326,5,Yes,Present
CALL0203,9/14/2024,AG007,Arjun Mehta,Team C,Outbound,Abandoned,45,,No,Present
CALL0204,5/8/2024,AG003,Rahul Verma,Team B,Inbound,Escalated,590,2,No,Present
CALL0205,3/4/2024,AG009,Karan Malhotra,Team C,Outbound,Resolved,221,4,Yes,Present
CALL0206,2/16/2024,AG007,Arjun Mehta,Team C,Inbound,Callback,189,5,No,Present
CALL0207,9/14/2024,AG007,Arjun Mehta,Team C,Outbound,Resolved,200,4,No,Absent
CALL0208,3/15/2024,AG006,Pooja Jain,Team C,Inbound,Resolved,414,5,Yes,Present
CALL0209,8/17/2024,AG008,Neha Patel,Team B,Inbound,Abandoned,22,,No,Present
CALL0210,10/7/2024,AG003,Rahul Verma,Team B,Outbound,Resolved,253,4,No,Present
CALL0211,8/22/2024,AG010,Divya Nair,Team A,Inbound,Resolved,411,4,Yes,Present
CALL0212,5/3/2024,AG010,Divya Nair,Team A,Inbound,Resolved,180,5,Yes,Present
CALL0213,9/25/2024,AG002,Priya Singh,Team A,Outbound,Resolved,314,4,Yes,Present
CALL0214,7/18/2024,AG001,Amit Sharma,Team A,Outbound,Resolved,279,5,Yes,Present
CALL0215,6/25/2024,AG002,Priya Singh,Team A,Inbound,Escalated,453,3,No,Present
CALL0216,3/9/2024,AG006,Pooja Jain,Team C,Inbound,Resolved,266,5,No,Present
CALL0217,12/22/2024,AG008,Neha Patel,Team B,Outbound,Escalated,469,1,No,Present
CALL0218,1/19/2024,AG008,Neha Patel,Team B,Outbound,Resolved,382,4,No,Absent
CALL0219,7/22/2024,AG009,Karan Malhotra,Team C,Outbound,Resolved,372,5,Yes,Present
CALL0220,12/1/2024,AG001,Amit Sharma,Team A,Outbound,Resolved,384,4,Yes,Present
CALL0221,6/22/2024,AG007,Arjun Mehta,Team C,Inbound,Resolved,307,4,Yes,Present
CALL0222,8/5/2024,AG002,Priya Singh,Team A,Inbound,Resolved,390,4,Yes,Present
CALL0223,12/4/2024,AG006,Pooja Jain,Team C,Outbound,Resolved,334,5,No,Present
CALL0224,1/22/2024,AG008,Neha Patel,Team B,Outbound,Escalated,622,2,No,Late
CALL0225,2/8/2024,AG001,Amit Sharma,Team A,Outbound,Resolved,385,5,No,Present
CALL0226,12/13/2024,AG010,Divya Nair,Team A,Outbound,Resolved,197,4,Yes,Present
CALL0227,1/17/2024,AG010,Divya Nair,Team A,Inbound,Escalated,589,2,No,Present
CALL0228,3/11/2024,AG010,Divya Nair,Team A,Outbound,Resolved,346,4,Yes,Present
CALL0229,9/12/2024,AG003,Rahul Verma,Team B,Outbound,Abandoned,35,,No,Present
CALL0230,12/26/2024,AG005,Vikram Yadav,Team A,Outbound,Resolved,336,4,Yes,Present
CALL0231,3/10/2024,AG002,Priya Singh,Team A,Inbound,Resolved,410,5,Yes,Present
CALL0232,12/7/2024,AG006,Pooja Jain,Team C,Outbound,Escalated,681,2,No,Absent
CALL0233,12/30/2024,AG003,Rahul Verma,Team B,Inbound,Callback,230,3,No,Late
CALL0234,5/1/2024,AG003,Rahul Verma,Team B,Outbound,Resolved,321,5,Yes,Late
CALL0235,11/9/2024,AG003,Rahul Verma,Team B,Inbound,Resolved,281,5,Yes,Present
CALL0236,10/21/2024,AG007,Arjun Mehta,Team C,Inbound,Resolved,261,5,Yes,Present
CALL0237,3/6/2024,AG006,Pooja Jain,Team C,Inbound,Callback,133,3,No,Absent
CALL0238,3/4/2024,AG001,Amit Sharma,Team A,Inbound,Resolved,221,4,Yes,Present
CALL0239,5/25/2024,AG009,Karan Malhotra,Team C,Inbound,Resolved,342,5,Yes,Present
CALL0240,9/30/2024,AG010,Divya Nair,Team A,Inbound,Resolved,223,5,Yes,Present
CALL0241,11/5/2024,AG010,Divya Nair,Team A,Outbound,Callback,244,2,No,Present
CALL0242,1/24/2024,AG002,Priya Singh,Team A,Outbound,Escalated,692,2,No,Present
CALL0243,11/17/2024,AG008,Neha Patel,Team B,Outbound,Escalated,554,2,No,Present
CALL0244,6/1/2024,AG007,Arjun Mehta,Team C,Outbound,Resolved,195,4,Yes,Present
CALL0245,11/6/2024,AG006,Pooja Jain,Team C,Inbound,Resolved,363,4,Yes,Present
CALL0246,3/7/2024,AG007,Arjun Mehta,Team C,Outbound,Resolved,207,4,Yes,Present
CALL0247,3/13/2024,AG004,Sneha Gupta,Team B,Inbound,Resolved,278,5,Yes,Late
CALL0248,6/16/2024,AG003,Rahul Verma,Team B,Outbound,Resolved,220,4,Yes,Present
CALL0249,9/11/2024,AG005,Vikram Yadav,Team A,Inbound,Resolved,280,4,Yes,Present
CALL0250,1/25/2024,AG006,Pooja Jain,Team C,Inbound,Resolved,332,5,Yes,Present
CALL0251,1/5/2024,AG009,Karan Malhotra,Team C,Inbound,Resolved,405,4,Yes,Present
CALL0252,7/24/2024,AG001,Amit Sharma,Team A,Inbound,Resolved,229,4,Yes,Present
CALL0253,10/8/2024,AG008,Neha Patel,Team B,Outbound,Callback,259,4,No,Present
CALL0254,7/20/2024,AG002,Priya Singh,Team A,Outbound,Callback,186,4,No,Present
CALL0255,4/11/2024,AG003,Rahul Verma,Team B,Outbound,Resolved,191,3,Yes,Present
CALL0256,8/21/2024,AG009,Karan Malhotra,Team C,Inbound,Escalated,663,1,No,Absent
CALL0257,3/24/2024,AG006,Pooja Jain,Team C,Outbound,Abandoned,58,,No,Present
CALL0258,9/17/2024,AG009,Karan Malhotra,Team C,Outbound,Escalated,553,2,No,Present
CALL0259,12/10/2024,AG006,Pooja Jain,Team C,Inbound,Abandoned,59,,No,Present
CALL0260,11/1/2024,AG001,Amit Sharma,Team A,Outbound,Resolved,347,5,Yes,Present
CALL0261,10/25/2024,AG001,Amit Sharma,Team A,Outbound,Resolved,341,5,Yes,Present
CALL0262,1/17/2024,AG004,Sneha Gupta,Team B,Inbound,Resolved,292,4,No,Present
CALL0263,9/13/2024,AG007,Arjun Mehta,Team C,Outbound,Callback,288,4,No,Present
CALL0264,4/16/2024,AG009,Karan Malhotra,Team C,Outbound,Abandoned,81,,No,Present
CALL0265,3/29/2024,AG006,Pooja Jain,Team C,Outbound,Abandoned,63,,No,Present
CALL0266,11/8/2024,AG005,Vikram Yadav,Team A,Outbound,Resolved,243,4,Yes,Late
CALL0267,5/27/2024,AG005,Vikram Yadav,Team A,Inbound,Escalated,650,2,No,Present
CALL0268,5/27/2024,AG005,Vikram Yadav,Team A,Inbound,Resolved,319,4,Yes,Present
CALL0269,5/28/2024,AG003,Rahul Verma,Team B,Inbound,Resolved,362,3,Yes,Present
CALL0270,4/19/2024,AG008,Neha Patel,Team B,Inbound,Callback,169,5,No,Present
CALL0271,2/25/2024,AG003,Rahul Verma,Team B,Inbound,Resolved,351,5,Yes,Present
CALL0272,7/30/2024,AG002,Priya Singh,Team A,Outbound,Escalated,451,3,No,Present
CALL0273,3/21/2024,AG009,Karan Malhotra,Team C,Outbound,Escalated,643,2,No,Present
CALL0274,6/13/2024,AG005,Vikram Yadav,Team A,Outbound,Escalated,445,3,No,Present
CALL0275,3/30/2024,AG001,Amit Sharma,Team A,Outbound,Callback,145,5,No,Present
CALL0276,9/10/2024,AG007,Arjun Mehta,Team C,Inbound,Abandoned,57,,No,Present
CALL0277,6/1/2024,AG001,Amit Sharma,Team A,Inbound,Abandoned,62,,No,Present
CALL0278,9/25/2024,AG009,Karan Malhotra,Team C,Outbound,Callback,134,5,No,Present
CALL0279,2/27/2024,AG004,Sneha Gupta,Team B,Outbound,Resolved,297,5,Yes,Present
CALL0280,5/31/2024,AG006,Pooja Jain,Team C,Inbound,Resolved,399,5,Yes,Present
CALL0281,2/14/2024,AG006,Pooja Jain,Team C,Outbound,Escalated,494,4,No,Present
CALL0282,1/4/2024,AG004,Sneha Gupta,Team B,Outbound,Resolved,294,5,Yes,Present
CALL0283,1/6/2024,AG010,Divya Nair,Team A,Outbound,Escalated,520,1,No,Present
CALL0284,3/22/2024,AG005,Vikram Yadav,Team A,Outbound,Escalated,559,3,No,Present
CALL0285,7/7/2024,AG005,Vikram Yadav,Team A,Inbound,Resolved,214,4,Yes,Late
CALL0286,7/31/2024,AG006,Pooja Jain,Team C,Outbound,Callback,270,4,No,Present
CALL0287,2/11/2024,AG010,Divya Nair,Team A,Outbound,Resolved,272,3,Yes,Present
CALL0288,9/15/2024,AG009,Karan Malhotra,Team C,Inbound,Resolved,218,4,Yes,Present
CALL0289,10/25/2024,AG004,Sneha Gupta,Team B,Outbound,Resolved,310,4,No,Present
CALL0290,8/21/2024,AG007,Arjun Mehta,Team C,Inbound,Resolved,352,5,Yes,Present
CALL0291,4/21/2024,AG001,Amit Sharma,Team A,Inbound,Resolved,268,5,Yes,Present
CALL0292,8/29/2024,AG002,Priya Singh,Team A,Inbound,Resolved,226,5,Yes,Late
CALL0293,7/10/2024,AG007,Arjun Mehta,Team C,Outbound,Resolved,414,5,Yes,Present
CALL0294,3/9/2024,AG009,Karan Malhotra,Team C,Outbound,Resolved,317,4,No,Late
CALL0295,1/12/2024,AG001,Amit Sharma,Team A,Outbound,Resolved,364,4,Yes,Present
CALL0296,8/23/2024,AG004,Sneha Gupta,Team B,Outbound,Resolved,228,5,Yes,Present
CALL0297,11/10/2024,AG007,Arjun Mehta,Team C,Inbound,Resolved,197,3,No,Present
CALL0298,5/5/2024,AG001,Amit Sharma,Team A,Inbound,Resolved,239,4,Yes,Present
CALL0299,9/14/2024,AG003,Rahul Verma,Team B,Outbound,Resolved,414,5,Yes,Present
CALL0300,5/1/2024,AG006,Pooja Jain,Team C,Outbound,Callback,269,3,No,Present
CALL0301,2/1/2024,AG005,Vikram Yadav,Team A,Inbound,Escalated,618,2,No,Present
CALL0302,11/25/2024,AG006,Pooja Jain,Team C,Outbound,Callback,181,4,No,Present
CALL0303,7/11/2024,AG005,Vikram Yadav,Team A,Inbound,Callback,221,3,No,Present
CALL0304,8/25/2024,AG003,Rahul Verma,Team B,Inbound,Resolved,286,5,No,Present
CALL0305,6/18/2024,AG004,Sneha Gupta,Team B,Inbound,Abandoned,67,,No,Present
CALL0306,1/27/2024,AG004,Sneha Gupta,Team B,Outbound,Resolved,334,5,Yes,Present
CALL0307,12/9/2024,AG010,Divya Nair,Team A,Inbound,Resolved,402,5,Yes,Absent
CALL0308,4/7/2024,AG004,Sneha Gupta,Team B,Inbound,Escalated,645,4,No,Present
CALL0309,7/22/2024,AG004,Sneha Gupta,Team B,Inbound,Resolved,378,4,Yes,Present
CALL0310,5/13/2024,AG005,Vikram Yadav,Team A,Outbound,Resolved,307,4,Yes,Present
CALL0311,4/14/2024,AG006,Pooja Jain,Team C,Outbound,Resolved,191,5,Yes,Present
CALL0312,10/10/2024,AG005,Vikram Yadav,Team A,Outbound,Resolved,230,4,Yes,Present
CALL0313,10/8/2024,AG008,Neha Patel,Team B,Outbound,Resolved,390,4,Yes,Present
CALL0314,3/27/2024,AG008,Neha Patel,Team B,Outbound,Resolved,364,4,No,Absent
CALL0315,9/25/2024,AG001,Amit Sharma,Team A,Inbound,Callback,119,5,No,Present
CALL0316,7/30/2024,AG001,Amit Sharma,Team A,Inbound,Callback,159,2,No,Present
CALL0317,9/15/2024,AG004,Sneha Gupta,Team B,Outbound,Resolved,338,5,Yes,Absent
CALL0318,1/9/2024,AG008,Neha Patel,Team B,Inbound,Resolved,285,3,Yes,Present
CALL0319,1/9/2024,AG005,Vikram Yadav,Team A,Outbound,Callback,145,2,No,Present
CALL0320,5/3/2024,AG003,Rahul Verma,Team B,Inbound,Escalated,529,3,No,Present
CALL0321,2/10/2024,AG007,Arjun Mehta,Team C,Outbound,Abandoned,78,,No,Present
CALL0322,6/2/2024,AG004,Sneha Gupta,Team B,Inbound,Escalated,416,1,No,Present
CALL0323,8/31/2024,AG009,Karan Malhotra,Team C,Inbound,Escalated,487,1,No,Present
CALL0324,10/16/2024,AG006,Pooja Jain,Team C,Inbound,Callback,110,3,No,Absent
CALL0325,8/31/2024,AG010,Divya Nair,Team A,Outbound,Resolved,199,5,Yes,Present
CALL0326,4/1/2024,AG001,Amit Sharma,Team A,Outbound,Resolved,233,5,Yes,Present
CALL0327,2/9/2024,AG007,Arjun Mehta,Team C,Outbound,Resolved,241,5,Yes,Present
CALL0328,6/18/2024,AG009,Karan Malhotra,Team C,Outbound,Callback,135,4,No,Present
CALL0329,9/13/2024,AG002,Priya Singh,Team A,Outbound,Resolved,291,4,No,Present
CALL0330,10/31/2024,AG010,Divya Nair,Team A,Outbound,Abandoned,61,,No,Present
CALL0331,8/18/2024,AG005,Vikram Yadav,Team A,Outbound,Resolved,321,5,Yes,Present
CALL0332,2/13/2024,AG007,Arjun Mehta,Team C,Outbound,Callback,282,2,No,Present
CALL0333,12/30/2024,AG007,Arjun Mehta,Team C,Inbound,Escalated,562,2,No,Present
CALL0334,8/15/2024,AG005,Vikram Yadav,Team A,Outbound,Callback,126,2,No,Present
CALL0335,10/12/2024,AG008,Neha Patel,Team B,Outbound,Resolved,202,4,No,Present
CALL0336,7/16/2024,AG006,Pooja Jain,Team C,Inbound,Resolved,279,5,Yes,Present
CALL0337,10/19/2024,AG004,Sneha Gupta,Team B,Inbound,Escalated,486,1,No,Present
CALL0338,3/15/2024,AG008,Neha Patel,Team B,Inbound,Resolved,250,4,Yes,Present
CALL0339,5/6/2024,AG005,Vikram Yadav,Team A,Outbound,Resolved,230,4,No,Present
CALL0340,6/19/2024,AG007,Arjun Mehta,Team C,Outbound,Callback,184,3,No,Present
CALL0341,3/10/2024,AG010,Divya Nair,Team A,Outbound,Resolved,357,4,Yes,Late
CALL0342,5/29/2024,AG006,Pooja Jain,Team C,Outbound,Abandoned,51,,No,Present
CALL0343,7/20/2024,AG005,Vikram Yadav,Team A,Outbound,Resolved,324,4,Yes,Present
CALL0344,1/14/2024,AG009,Karan Malhotra,Team C,Outbound,Abandoned,46,,No,Present
CALL0345,12/20/2024,AG005,Vikram Yadav,Team A,Inbound,Callback,204,4,No,Present
CALL0346,5/3/2024,AG005,Vikram Yadav,Team A,Outbound,Escalated,616,3,No,Present
CALL0347,9/2/2024,AG010,Divya Nair,Team A,Outbound,Resolved,416,5,Yes,Present
CALL0348,12/25/2024,AG006,Pooja Jain,Team C,Inbound,Resolved,243,5,Yes,Present
CALL0349,10/15/2024,AG001,Amit Sharma,Team A,Outbound,Abandoned,62,,No,Late
CALL0350,2/24/2024,AG007,Arjun Mehta,Team C,Inbound,Resolved,236,4,Yes,Present
CALL0351,4/23/2024,AG010,Divya Nair,Team A,Outbound,Resolved,298,5,Yes,Present
CALL0352,1/13/2024,AG006,Pooja Jain,Team C,Outbound,Resolved,286,5,No,Present
CALL0353,6/27/2024,AG003,Rahul Verma,Team B,Outbound,Resolved,380,4,Yes,Present
CALL0354,12/22/2024,AG008,Neha Patel,Team B,Outbound,Resolved,256,3,Yes,Present
CALL0355,11/27/2024,AG006,Pooja Jain,Team C,Inbound,Escalated,484,4,No,Present
CALL0356,3/30/2024,AG009,Karan Malhotra,Team C,Inbound,Resolved,289,5,Yes,Present
CALL0357,4/5/2024,AG003,Rahul Verma,Team B,Outbound,Resolved,368,5,No,Present
CALL0358,1/3/2024,AG007,Arjun Mehta,Team C,Inbound,Resolved,372,5,Yes,Present
CALL0359,4/5/2024,AG009,Karan Malhotra,Team C,Outbound,Resolved,297,3,Yes,Present
CALL0360,11/1/2024,AG006,Pooja Jain,Team C,Outbound,Escalated,700,1,No,Present
CALL0361,11/12/2024,AG008,Neha Patel,Team B,Inbound,Callback,280,4,No,Absent
CALL0362,2/13/2024,AG010,Divya Nair,Team A,Inbound,Resolved,241,4,No,Present
CALL0363,7/17/2024,AG009,Karan Malhotra,Team C,Outbound,Resolved,327,4,No,Present
CALL0364,10/11/2024,AG003,Rahul Verma,Team B,Inbound,Resolved,215,4,Yes,Present
CALL0365,1/5/2024,AG006,Pooja Jain,Team C,Outbound,Resolved,388,4,Yes,Present
CALL0366,12/16/2024,AG007,Arjun Mehta,Team C,Outbound,Resolved,395,4,No,Present
CALL0367,5/29/2024,AG004,Sneha Gupta,Team B,Inbound,Resolved,317,4,Yes,Present
CALL0368,10/8/2024,AG008,Neha Patel,Team B,Inbound,Resolved,248,5,Yes,Present
CALL0369,8/13/2024,AG001,Amit Sharma,Team A,Inbound,Abandoned,33,,No,Present
CALL0370,6/1/2024,AG004,Sneha Gupta,Team B,Inbound,Resolved,269,5,No,Present
CALL0371,5/1/2024,AG002,Priya Singh,Team A,Inbound,Callback,250,4,No,Present
CALL0372,11/19/2024,AG010,Divya Nair,Team A,Outbound,Resolved,215,5,Yes,Present
CALL0373,6/28/2024,AG010,Divya Nair,Team A,Outbound,Resolved,223,4,Yes,Present
CALL0374,9/20/2024,AG005,Vikram Yadav,Team A,Inbound,Resolved,372,5,Yes,Late
CALL0375,12/25/2024,AG003,Rahul Verma,Team B,Inbound,Resolved,362,4,Yes,Present
CALL0376,9/7/2024,AG007,Arjun Mehta,Team C,Inbound,Resolved,248,5,Yes,Present
CALL0377,7/25/2024,AG002,Priya Singh,Team A,Outbound,Escalated,588,2,No,Present
CALL0378,1/2/2024,AG010,Divya Nair,Team A,Inbound,Escalated,634,3,No,Present
CALL0379,9/30/2024,AG002,Priya Singh,Team A,Outbound,Resolved,289,5,Yes,Present
CALL0380,6/21/2024,AG005,Vikram Yadav,Team A,Inbound,Resolved,304,5,Yes,Present
CALL0381,2/20/2024,AG001,Amit Sharma,Team A,Outbound,Resolved,417,5,Yes,Present
CALL0382,4/13/2024,AG007,Arjun Mehta,Team C,Inbound,Callback,177,2,No,Absent
CALL0383,2/17/2024,AG005,Vikram Yadav,Team A,Outbound,Resolved,275,5,Yes,Present
CALL0384,12/24/2024,AG005,Vikram Yadav,Team A,Inbound,Resolved,203,5,No,Present
CALL0385,10/30/2024,AG003,Rahul Verma,Team B,Inbound,Resolved,293,3,Yes,Present
CALL0386,12/21/2024,AG007,Arjun Mehta,Team C,Inbound,Resolved,238,4,Yes,Present
CALL0387,7/7/2024,AG006,Pooja Jain,Team C,Outbound,Resolved,378,5,Yes,Present
CALL0388,2/5/2024,AG003,Rahul Verma,Team B,Inbound,Escalated,484,2,No,Present
CALL0389,7/29/2024,AG003,Rahul Verma,Team B,Outbound,Callback,122,5,No,Present
CALL0390,10/28/2024,AG002,Priya Singh,Team A,Outbound,Resolved,289,4,No,Present
CALL0391,5/7/2024,AG002,Priya Singh,Team A,Outbound,Callback,276,2,No,Present
CALL0392,4/15/2024,AG005,Vikram Yadav,Team A,Inbound,Escalated,551,3,No,Present
CALL0393,9/10/2024,AG004,Sneha Gupta,Team B,Outbound,Resolved,307,5,No,Absent
CALL0394,7/3/2024,AG001,Amit Sharma,Team A,Outbound,Resolved,400,5,Yes,Present
CALL0395,8/29/2024,AG003,Rahul Verma,Team B,Inbound,Resolved,197,3,Yes,Absent
CALL0396,9/16/2024,AG007,Arjun Mehta,Team C,Outbound,Escalated,656,3,No,Present
CALL0397,2/12/2024,AG007,Arjun Mehta,Team C,Inbound,Resolved,259,3,Yes,Late
CALL0398,10/1/2024,AG003,Rahul Verma,Team B,Outbound,Resolved,342,5,Yes,Present
CALL0399,12/23/2024,AG005,Vikram Yadav,Team A,Outbound,Escalated,522,1,No,Present
CALL0400,2/29/2024,AG007,Arjun Mehta,Team C,Outbound,Escalated,428,2,No,Present
CALL0401,3/2/2024,AG003,Rahul Verma,Team B,Inbound,Escalated,405,1,No,Late
CALL0402,9/21/2024,AG009,Karan Malhotra,Team C,Outbound,Resolved,212,5,Yes,Present
CALL0403,1/16/2024,AG002,Priya Singh,Team A,Outbound,Callback,169,3,No,Present
CALL0404,11/17/2024,AG010,Divya Nair,Team A,Inbound,Resolved,310,4,Yes,Present
CALL0405,3/21/2024,AG006,Pooja Jain,Team C,Outbound,Callback,246,4,No,Present
CALL0406,1/2/2024,AG009,Karan Malhotra,Team C,Inbound,Callback,103,3,No,Present
CALL0407,3/17/2024,AG007,Arjun Mehta,Team C,Inbound,Abandoned,24,,No,Present
CALL0408,4/24/2024,AG007,Arjun Mehta,Team C,Outbound,Resolved,414,5,Yes,Present
CALL0409,3/2/2024,AG006,Pooja Jain,Team C,Inbound,Resolved,385,4,No,Present
CALL0410,5/24/2024,AG008,Neha Patel,Team B,Outbound,Resolved,321,4,Yes,Present
CALL0411,11/14/2024,AG005,Vikram Yadav,Team A,Inbound,Resolved,331,5,Yes,Present
CALL0412,5/5/2024,AG009,Karan Malhotra,Team C,Inbound,Resolved,284,3,Yes,Present
CALL0413,6/20/2024,AG001,Amit Sharma,Team A,Inbound,Callback,196,4,No,Present
CALL0414,4/15/2024,AG002,Priya Singh,Team A,Inbound,Resolved,195,5,No,Present
CALL0415,4/28/2024,AG001,Amit Sharma,Team A,Outbound,Escalated,590,2,No,Present
CALL0416,2/18/2024,AG010,Divya Nair,Team A,Inbound,Escalated,601,1,No,Present
CALL0417,12/5/2024,AG007,Arjun Mehta,Team C,Inbound,Resolved,246,5,Yes,Present
CALL0418,6/11/2024,AG006,Pooja Jain,Team C,Outbound,Resolved,199,5,No,Present
CALL0419,3/20/2024,AG002,Priya Singh,Team A,Inbound,Resolved,299,4,No,Present
CALL0420,8/19/2024,AG004,Sneha Gupta,Team B,Outbound,Resolved,398,3,No,Present
CALL0421,1/21/2024,AG010,Divya Nair,Team A,Inbound,Callback,183,2,No,Present
CALL0422,7/21/2024,AG006,Pooja Jain,Team C,Inbound,Escalated,533,3,No,Present
CALL0423,8/19/2024,AG007,Arjun Mehta,Team C,Inbound,Resolved,206,5,No,Present
CALL0424,3/7/2024,AG004,Sneha Gupta,Team B,Inbound,Callback,195,4,No,Absent
CALL0425,10/25/2024,AG002,Priya Singh,Team A,Outbound,Abandoned,29,,No,Present
CALL0426,4/11/2024,AG002,Priya Singh,Team A,Outbound,Callback,123,5,No,Present
CALL0427,3/3/2024,AG006,Pooja Jain,Team C,Inbound,Abandoned,26,,No,Present
CALL0428,8/9/2024,AG010,Divya Nair,Team A,Outbound,Resolved,277,5,No,Present
CALL0429,5/20/2024,AG003,Rahul Verma,Team B,Outbound,Resolved,218,3,Yes,Present
CALL0430,9/12/2024,AG005,Vikram Yadav,Team A,Outbound,Callback,222,2,No,Present
CALL0431,8/2/2024,AG003,Rahul Verma,Team B,Inbound,Escalated,669,1,No,Late
CALL0432,1/10/2024,AG009,Karan Malhotra,Team C,Outbound,Callback,191,3,No,Present
CALL0433,10/16/2024,AG006,Pooja Jain,Team C,Outbound,Resolved,226,3,Yes,Present
CALL0434,1/30/2024,AG005,Vikram Yadav,Team A,Outbound,Resolved,376,5,Yes,Present
CALL0435,12/2/2024,AG004,Sneha Gupta,Team B,Inbound,Resolved,388,5,Yes,Present
CALL0436,10/21/2024,AG004,Sneha Gupta,Team B,Outbound,Resolved,394,5,No,Present
CALL0437,12/23/2024,AG006,Pooja Jain,Team C,Outbound,Abandoned,23,,No,Present
CALL0438,10/17/2024,AG006,Pooja Jain,Team C,Inbound,Resolved,228,5,Yes,Late
CALL0439,6/7/2024,AG009,Karan Malhotra,Team C,Inbound,Resolved,203,3,Yes,Present
CALL0440,1/1/2024,AG008,Neha Patel,Team B,Outbound,Abandoned,45,,No,Present
CALL0441,3/31/2024,AG006,Pooja Jain,Team C,Outbound,Resolved,217,5,Yes,Present
CALL0442,7/5/2024,AG009,Karan Malhotra,Team C,Inbound,Resolved,349,4,No,Present
CALL0443,3/21/2024,AG003,Rahul Verma,Team B,Outbound,Callback,224,4,No,Present
CALL0444,12/21/2024,AG009,Karan Malhotra,Team C,Outbound,Resolved,330,5,Yes,Present
CALL0445,3/6/2024,AG005,Vikram Yadav,Team A,Inbound,Escalated,693,2,No,Late
CALL0446,1/17/2024,AG010,Divya Nair,Team A,Inbound,Escalated,513,3,No,Present
CALL0447,3/13/2024,AG008,Neha Patel,Team B,Outbound,Escalated,521,2,No,Present
CALL0448,12/28/2024,AG002,Priya Singh,Team A,Outbound,Resolved,247,4,Yes,Present
CALL0449,1/1/2024,AG002,Priya Singh,Team A,Inbound,Resolved,367,4,No,Present
CALL0450,6/28/2024,AG007,Arjun Mehta,Team C,Outbound,Resolved,302,5,Yes,Present
CALL0451,3/24/2024,AG004,Sneha Gupta,Team B,Outbound,Resolved,396,3,No,Present
CALL0452,2/7/2024,AG002,Priya Singh,Team A,Outbound,Resolved,276,4,No,Late
CALL0453,6/22/2024,AG002,Priya Singh,Team A,Outbound,Escalated,620,4,No,Present
CALL0454,3/21/2024,AG007,Arjun Mehta,Team C,Inbound,Resolved,232,5,Yes,Present
CALL0455,5/15/2024,AG009,Karan Malhotra,Team C,Outbound,Resolved,204,3,Yes,Present
CALL0456,1/28/2024,AG003,Rahul Verma,Team B,Outbound,Resolved,202,4,Yes,Present
CALL0457,2/19/2024,AG004,Sneha Gupta,Team B,Inbound,Resolved,343,4,No,Present
CALL0458,7/22/2024,AG005,Vikram Yadav,Team A,Outbound,Resolved,349,4,Yes,Present
CALL0459,7/14/2024,AG006,Pooja Jain,Team C,Outbound,Resolved,191,4,Yes,Present
CALL0460,10/15/2024,AG005,Vikram Yadav,Team A,Inbound,Resolved,358,5,No,Present
CALL0461,7/30/2024,AG009,Karan Malhotra,Team C,Inbound,Resolved,395,4,Yes,Late
CALL0462,10/20/2024,AG008,Neha Patel,Team B,Inbound,Resolved,200,4,Yes,Present
CALL0463,9/21/2024,AG010,Divya Nair,Team A,Inbound,Resolved,373,4,Yes,Present
CALL0464,4/8/2024,AG004,Sneha Gupta,Team B,Inbound,Resolved,200,5,Yes,Late
CALL0465,10/31/2024,AG003,Rahul Verma,Team B,Outbound,Resolved,366,5,No,Present
CALL0466,10/9/2024,AG007,Arjun Mehta,Team C,Outbound,Callback,233,3,No,Present
CALL0467,10/27/2024,AG010,Divya Nair,Team A,Outbound,Resolved,218,3,Yes,Present
CALL0468,2/24/2024,AG002,Priya Singh,Team A,Inbound,Callback,237,5,No,Present
CALL0469,7/15/2024,AG005,Vikram Yadav,Team A,Outbound,Resolved,301,3,Yes,Present
CALL0470,12/14/2024,AG010,Divya Nair,Team A,Outbound,Resolved,407,5,Yes,Present
CALL0471,5/17/2024,AG008,Neha Patel,Team B,Outbound,Resolved,389,5,Yes,Present
CALL0472,4/26/2024,AG002,Priya Singh,Team A,Inbound,Resolved,370,4,Yes,Present
CALL0473,11/5/2024,AG007,Arjun Mehta,Team C,Inbound,Resolved,234,5,Yes,Present
CALL0474,7/10/2024,AG009,Karan Malhotra,Team C,Inbound,Resolved,220,3,Yes,Present
CALL0475,10/18/2024,AG009,Karan Malhotra,Team C,Inbound,Resolved,404,5,Yes,Present
CALL0476,1/26/2024,AG008,Neha Patel,Team B,Outbound,Escalated,540,2,No,Present
CALL0477,11/21/2024,AG007,Arjun Mehta,Team C,Inbound,Escalated,523,2,No,Present
CALL0478,8/30/2024,AG003,Rahul Verma,Team B,Outbound,Resolved,394,5,Yes,Present
CALL0479,1/15/2024,AG005,Vikram Yadav,Team A,Outbound,Resolved,398,5,Yes,Present
CALL0480,12/12/2024,AG004,Sneha Gupta,Team B,Inbound,Resolved,284,4,Yes,Late
CALL0481,8/30/2024,AG001,Amit Sharma,Team A,Inbound,Escalated,404,1,No,Present
CALL0482,12/30/2024,AG005,Vikram Yadav,Team A,Outbound,Resolved,276,5,Yes,Present
CALL0483,12/12/2024,AG005,Vikram Yadav,Team A,Outbound,Resolved,181,4,Yes,Present
CALL0484,10/14/2024,AG006,Pooja Jain,Team C,Outbound,Resolved,207,4,Yes,Present
CALL0485,5/21/2024,AG006,Pooja Jain,Team C,Outbound,Escalated,552,1,No,Present
CALL0486,1/30/2024,AG004,Sneha Gupta,Team B,Outbound,Escalated,471,3,No,Present
CALL0487,5/12/2024,AG005,Vikram Yadav,Team A,Outbound,Resolved,368,3,Yes,Present
CALL0488,6/24/2024,AG004,Sneha Gupta,Team B,Inbound,Escalated,643,4,No,Present
CALL0489,6/2/2024,AG009,Karan Malhotra,Team C,Inbound,Callback,242,2,No,Present
CALL0490,5/12/2024,AG003,Rahul Verma,Team B,Inbound,Abandoned,62,,No,Present
CALL0491,6/30/2024,AG004,Sneha Gupta,Team B,Inbound,Escalated,557,2,No,Absent
CALL0492,5/13/2024,AG006,Pooja Jain,Team C,Outbound,Resolved,210,4,Yes,Present
CALL0493,2/6/2024,AG010,Divya Nair,Team A,Outbound,Callback,228,2,No,Present
CALL0494,6/1/2024,AG009,Karan Malhotra,Team C,Outbound,Resolved,398,4,Yes,Present
CALL0495,8/22/2024,AG010,Divya Nair,Team A,Inbound,Resolved,363,4,No,Present
CALL0496,6/9/2024,AG003,Rahul Verma,Team B,Inbound,Resolved,250,4,Yes,Present
CALL0497,9/7/2024,AG003,Rahul Verma,Team B,Inbound,Resolved,291,5,Yes,Late
CALL0498,1/3/2024,AG007,Arjun Mehta,Team C,Inbound,Resolved,367,4,No,Present
CALL0499,4/7/2024,AG009,Karan Malhotra,Team C,Inbound,Escalated,527,1,No,Present
CALL0500,3/7/2024,AG005,Vikram Yadav,Team A,Inbound,Resolved,330,4,No,Present
